library,nid,name,stub_address
sceAudio,0x136CAF51,,0x08A2C200
sceAudio,0x13F592BC,,0x08A2C208
sceAudio,0x5EC81C55,,0x08A2C210
sceAudio,0x6FC46853,,0x08A2C218
sceAudio,0x95FD0C2D,,0x08A2C220
sceAudio,0xB011922F,,0x08A2C228
sceAudio,0xB7E1D8E7,,0x08A2C230
sceAudio,0xCB2E439E,,0x08A2C238
sceAudio,0xE2D56B2D,,0x08A2C240
sceAudio,0x01562BA3,,0x08A2C248
sceAudio,0x2D53F36E,,0x08A2C250
sceAudio,0x43196845,,0x08A2C258
sceAudio,0x647CEF33,,0x08A2C260
sceSasCore,0x019B25EB,,0x08A2C3C8
sceSasCore,0x07F58C24,,0x08A2C3D0
sceSasCore,0x267A6DD2,,0x08A2C3D8
sceSasCore,0x2C8E6AB3,,0x08A2C3E0
sceSasCore,0x33D4AB37,,0x08A2C3E8
sceSasCore,0x42778A9F,,0x08A2C3F0
sceSasCore,0x440CA7D8,,0x08A2C3F8
sceSasCore,0x50A14DFC,,0x08A2C400
sceSasCore,0x5F9529F6,,0x08A2C408
sceSasCore,0x68A46B95,,0x08A2C410
sceSasCore,0x74AE582A,,0x08A2C418
sceSasCore,0x76F01ACA,,0x08A2C420
sceSasCore,0x787D04D5,,0x08A2C428
sceSasCore,0x99944089,,0x08A2C430
sceSasCore,0x9EC3676A,,0x08A2C438
sceSasCore,0xA0CF2FA4,,0x08A2C440
sceSasCore,0xA3589D81,,0x08A2C448
sceSasCore,0xAD84D37F,,0x08A2C450
sceSasCore,0xB7660A23,,0x08A2C458
sceSasCore,0xBD11B7C2,,0x08A2C460
sceSasCore,0xCBCD4F79,,0x08A2C468
sceSasCore,0xD1E0A01E,,0x08A2C470
sceSasCore,0xD5A229C9,,0x08A2C478
sceSasCore,0xE175EF66,,0x08A2C480
sceSasCore,0xE1CD9561,,0x08A2C488
sceSasCore,0xE855BF76,,0x08A2C490
sceSasCore,0xF983B186,,0x08A2C498
sceAtrac3plus,0x5D268707,,0x08A2C1C0
sceAtrac3plus,0x61EB33F5,,0x08A2C1C8
sceAtrac3plus,0x6A8C3CD5,,0x08A2C1D0
sceAtrac3plus,0x7A20E7AF,,0x08A2C1D8
sceAtrac3plus,0x7DB31251,,0x08A2C1E0
sceAtrac3plus,0x868120B5,,0x08A2C1E8
sceAtrac3plus,0x9AE849A7,,0x08A2C1F0
sceAtrac3plus,0xE88F759B,,0x08A2C1F8
sceCtrl,0x1F4011E6,sceCtrlSetSamplingMode,0x08A2C268
sceCtrl,0x1F803938,sceCtrlReadBufferPositive,0x08A2C270
sceCtrl,0x3A622550,sceCtrlPeekBufferPositive,0x08A2C278
sceGe_user,0x03444EB4,,0x08A2C2A8
sceGe_user,0x05DB22CE,,0x08A2C2B0
sceGe_user,0x0BF608FB,,0x08A2C2B8
sceGe_user,0x1C0D95A6,,0x08A2C2C0
sceGe_user,0x1F6752AD,sceGeEdramGetSize,0x08A2C2C8
sceGe_user,0x438A385A,,0x08A2C2D0
sceGe_user,0x4C06E472,,0x08A2C2D8
sceGe_user,0xA4FC06A4,,0x08A2C2E0
sceGe_user,0xAB49E76A,,0x08A2C2E8
sceGe_user,0xB287BD61,,0x08A2C2F0
sceGe_user,0xB77905EA,sceGeEdramSetAddrTranslation,0x08A2C2F8
sceGe_user,0xDC93CFEF,,0x08A2C300
sceGe_user,0xE0D68148,,0x08A2C308
sceGe_user,0xE47E40E4,sceGeEdramGetAddr,0x08A2C310
sceDisplay,0x0E20F177,,0x08A2C280
sceDisplay,0x289D82FE,,0x08A2C288
sceDisplay,0x46F186C3,,0x08A2C290
sceDisplay,0x984C27E7,,0x08A2C298
sceDisplay,0x9C6EAAD7,,0x08A2C2A0
sceUtility,0x2A2B3DE0,,0x08A2C4C8
sceUtility,0x2AD8E239,,0x08A2C4D0
sceUtility,0x34B78343,,0x08A2C4D8
sceUtility,0x50C4CD57,,0x08A2C4E0
sceUtility,0x67AF3428,,0x08A2C4E8
sceUtility,0x8874DBE0,,0x08A2C4F0
sceUtility,0x95FC253B,,0x08A2C4F8
sceUtility,0x9790B33C,,0x08A2C500
sceUtility,0x9A1C91D7,,0x08A2C508
sceUtility,0xA5DA2406,,0x08A2C510
sceUtility,0xD4B95FFB,,0x08A2C518
sceUtility,0xE49BFE92,,0x08A2C520
sceUmdUser,0x46EBB729,sceUmdCheckMedium,0x08A2C4A8
sceUmdUser,0x6B4A146C,sceUmdGetDriveStat,0x08A2C4B0
sceUmdUser,0x8EF08FCE,sceUmdWaitDriveStat,0x08A2C4B8
sceUmdUser,0xC6183D47,sceUmdActivate,0x08A2C4C0
scePower,0x04B7766E,,0x08A2C3B8
scePower,0xDFA8BAF8,,0x08A2C3C0
sceNet,0x0BF0A3AE,,0x08A2C320
sceNet,0x281928A9,,0x08A2C328
sceNet,0x39AF39A6,,0x08A2C330
sceNetAdhoc,0x6F92741B,,0x08A2C338
sceNetAdhoc,0x7F27BB5E,,0x08A2C340
sceNetAdhoc,0xA62C6F57,,0x08A2C348
sceNetAdhoc,0xABED3790,,0x08A2C350
sceNetAdhoc,0xDFE53E03,,0x08A2C358
sceNetAdhoc,0xE1D621D7,,0x08A2C360
sceNetAdhocctl,0x08FFF7A0,,0x08A2C368
sceNetAdhocctl,0x20B317A0,,0x08A2C370
sceNetAdhocctl,0x34401D65,,0x08A2C378
sceNetAdhocctl,0x5E7F79C9,,0x08A2C380
sceNetAdhocctl,0x6402490B,,0x08A2C388
sceNetAdhocctl,0x81AEE1BE,,0x08A2C390
sceNetAdhocctl,0x9D689E13,,0x08A2C398
sceNetAdhocctl,0xE162CB14,,0x08A2C3A0
sceNetAdhocctl,0xE26F226E,,0x08A2C3A8
sceNetAdhocctl,0xEC0635C1,,0x08A2C3B0
sceImpose,0x36AA6E91,,0x08A2C318
sceWlanDrv,0xD7763699,,0x08A2C528
IoFileMgrForUser,0x06A70004,,0x08A2BFB0
IoFileMgrForUser,0x42EC03AC,sceIoWrite,0x08A2BFB8
IoFileMgrForUser,0x54F5FB11,sceIoDevctl,0x08A2BFC0
IoFileMgrForUser,0x6A638D83,sceIoRead,0x08A2BFC8
IoFileMgrForUser,0x779103A0,,0x08A2BFD0
IoFileMgrForUser,0x810C4BC3,sceIoClose,0x08A2BFD8
IoFileMgrForUser,0xA0B5A7C2,,0x08A2BFE0
IoFileMgrForUser,0xACE946E8,sceIoGetstat,0x08A2BFE8
IoFileMgrForUser,0xB29DDF9C,sceIoDopen,0x08A2BFF0
IoFileMgrForUser,0xE3EB004C,sceIoDread,0x08A2BFF8
IoFileMgrForUser,0xEB092469,sceIoDclose,0x08A2C000
IoFileMgrForUser,0xF27A9C51,,0x08A2C008
IoFileMgrForUser,0x109F50BC,sceIoOpen,0x08A2C010
IoFileMgrForUser,0x1117C65F,,0x08A2C018
IoFileMgrForUser,0x27EB27B8,sceIoLseek,0x08A2C020
IoFileMgrForUser,0x3251EA56,,0x08A2C028
Kernel_Library,0x092968F4,,0x08A2C030
Kernel_Library,0x3B84732D,,0x08A2C038
Kernel_Library,0x5F10D406,,0x08A2C040
LoadExecForUser,0x05572A5F,,0x08A2C048
LoadExecForUser,0x4AC57943,sceKernelRegisterExitCallback,0x08A2C050
ModuleMgrForUser,0x2E0911AA,,0x08A2C058
ModuleMgrForUser,0xD1FF982A,,0x08A2C060
ModuleMgrForUser,0xD8B73127,,0x08A2C068
ModuleMgrForUser,0xF0A26395,,0x08A2C070
ModuleMgrForUser,0x8F2DF740,,0x08A2C078
StdioForUser,0x172D316E,,0x08A2C080
StdioForUser,0xA6BAB2E9,,0x08A2C088
StdioForUser,0xF78BA90A,,0x08A2C090
SysMemUserForUser,0x13A5ABEF,sceKernelPrintf,0x08A2C098
SysMemUserForUser,0xF919F628,,0x08A2C0A0
SysMemUserForUser,0x237DBD4F,sceKernelAllocPartitionMemory,0x08A2C0A8
SysMemUserForUser,0x91DE343C,,0x08A2C0B0
SysMemUserForUser,0x9D9A5BA1,sceKernelGetBlockHeadAddr,0x08A2C0B8
SysMemUserForUser,0xA291F107,sceKernelMaxFreeMemSize,0x08A2C0C0
SysMemUserForUser,0xB6D61D02,sceKernelFreePartitionMemory,0x08A2C0C8
SysMemUserForUser,0xF77D77CB,sceKernelSetCompilerVersion,0x08A2C0D0
ThreadManForUser,0xC07BB470,sceKernelCreateFpl,0x08A2C0D8
ThreadManForUser,0xCEADEB47,sceKernelDelayThread,0x08A2C0E0
ThreadManForUser,0x1FB15A32,sceKernelSetEventFlag,0x08A2C0E8
ThreadManForUser,0xE81CAF8F,sceKernelCreateCallback,0x08A2C0F0
ThreadManForUser,0xEDBA5844,sceKernelDeleteCallback,0x08A2C0F8
ThreadManForUser,0xEF9E4C70,sceKernelDeleteEventFlag,0x08A2C100
ThreadManForUser,0xF475845D,sceKernelStartThread,0x08A2C108
ThreadManForUser,0xF8170FBE,,0x08A2C110
ThreadManForUser,0x278C0DF5,sceKernelWaitThreadEnd,0x08A2C118
ThreadManForUser,0x293B45B8,sceKernelGetThreadId,0x08A2C120
ThreadManForUser,0x369ED59D,sceKernelGetSystemTimeLow,0x08A2C128
ThreadManForUser,0x402FCF22,sceKernelWaitEventFlag,0x08A2C130
ThreadManForUser,0x446D8DE6,sceKernelCreateThread,0x08A2C138
ThreadManForUser,0x0DDCD2C9,,0x08A2C140
ThreadManForUser,0x55C20A00,sceKernelCreateEventFlag,0x08A2C148
ThreadManForUser,0x623AE665,,0x08A2C150
ThreadManForUser,0x68DA9E36,sceKernelDelayThreadCB,0x08A2C158
ThreadManForUser,0x6B30100F,,0x08A2C160
ThreadManForUser,0x809CE29B,sceKernelExitDeleteThread,0x08A2C168
ThreadManForUser,0x82BC5777,sceKernelGetSystemTimeWide,0x08A2C170
ThreadManForUser,0x9FA03CD3,,0x08A2C178
ThreadManForUser,0xAA73C935,,0x08A2C180
ThreadManForUser,0xB011B11F,,0x08A2C188
ThreadManForUser,0xB7D098C6,,0x08A2C190
UtilsForUser,0x71EC4271,,0x08A2C198
UtilsForUser,0x79D1C3FA,sceKernelDcacheWritebackAll,0x08A2C1A0
UtilsForUser,0x91E4F6A7,,0x08A2C1A8
UtilsForUser,0x27CC57F0,,0x08A2C1B0
UtilsForUser,0x3EE30821,sceKernelDcacheWritebackRange,0x08A2C1B8
sceSuspendForUser,0x090CCB3F,sceKernelPowerTick,0x08A2C4A0
