# library,nid,name
IoFileMgrForUser,0x06A70004,
IoFileMgrForUser,0x109F50BC,sceIoOpen
IoFileMgrForUser,0x1117C65F,
IoFileMgrForUser,0x27EB27B8,sceIoLseek
IoFileMgrForUser,0x3251EA56,
IoFileMgrForUser,0x42EC03AC,sceIoWrite
IoFileMgrForUser,0x54F5FB11,sceIoDevctl
IoFileMgrForUser,0x68963324,sceIoLseek32
IoFileMgrForUser,0x6A638D83,sceIoRead
IoFileMgrForUser,0x779103A0,
IoFileMgrForUser,0x810C4BC3,sceIoClose
IoFileMgrForUser,0xA0B5A7C2,
IoFileMgrForUser,0xACE946E8,sceIoGetstat
IoFileMgrForUser,0xB293727F,sceIoChangeAsyncPriority
IoFileMgrForUser,0xB29DDF9C,sceIoDopen
IoFileMgrForUser,0xE3EB004C,sceIoDread
IoFileMgrForUser,0xEB092469,sceIoDclose
IoFileMgrForUser,0xF27A9C51,
Kernel_Library,0x092968F4,sceKernelCpuSuspendIntr
Kernel_Library,0x3B84732D,sceKernelCpuResumeIntr
Kernel_Library,0x5F10D406,sceKernelIsCpuIntrSuspended
LoadExecForUser,0x05572A5F,sceKernelExitGame
LoadExecForUser,0x4AC57943,sceKernelRegisterExitCallback
ModuleMgrForUser,0x2E0911AA,sceKernelFindModuleByName
ModuleMgrForUser,0x8F2DF740,sceKernelGetModuleIdByAddress
ModuleMgrForUser,0xD1FF982A,sceKernelStopModule
ModuleMgrForUser,0xD8B73127,sceKernelLoadModule
ModuleMgrForUser,0xF0A26395,sceKernelStartModule
StdioForUser,0x172D316E,sceKernelStdout
StdioForUser,0xA6BAB2E9,sceKernelStderr
StdioForUser,0xF78BA90A,sceKernelStdioSendChar
SysMemUserForUser,0x13A5ABEF,sceKernelPrintf
SysMemUserForUser,0x237DBD4F,sceKernelAllocPartitionMemory
SysMemUserForUser,0x7591C7DB,sceKernelSetCompiledSdkVersion
SysMemUserForUser,0x91DE343C,
SysMemUserForUser,0x9D9A5BA1,sceKernelGetBlockHeadAddr
SysMemUserForUser,0xA291F107,sceKernelMaxFreeMemSize
SysMemUserForUser,0xB6D61D02,sceKernelFreePartitionMemory
SysMemUserForUser,0xF77D77CB,sceKernelSetCompilerVersion
SysMemUserForUser,0xF919F628,
ThreadManForUser,0x0DDCD2C9,
ThreadManForUser,0x1FB15A32,sceKernelSetEventFlag
ThreadManForUser,0x278C0DF5,sceKernelWaitThreadEnd
ThreadManForUser,0x28B6489C,sceKernelDeleteSema
ThreadManForUser,0x293B45B8,sceKernelGetThreadId
ThreadManForUser,0x369ED59D,sceKernelGetSystemTimeLow
ThreadManForUser,0x3F53E640,sceKernelSignalSema
ThreadManForUser,0x402FCF22,sceKernelWaitEventFlag
ThreadManForUser,0x446D8DE6,sceKernelCreateThread
ThreadManForUser,0x4E3A1105,sceKernelWaitSema
ThreadManForUser,0x55C20A00,sceKernelCreateEventFlag
ThreadManForUser,0x623AE665,
ThreadManForUser,0x68DA9E36,sceKernelDelayThreadCB
ThreadManForUser,0x6B30100F,
ThreadManForUser,0x809CE29B,sceKernelExitDeleteThread
ThreadManForUser,0x82BC5777,sceKernelGetSystemTimeWide
ThreadManForUser,0x9FA03CD3,
ThreadManForUser,0xAA73C935,
ThreadManForUser,0xB011B11F,
ThreadManForUser,0xB7D098C6,
ThreadManForUser,0xC07BB470,sceKernelCreateFpl
ThreadManForUser,0xCEADEB47,sceKernelDelayThread
ThreadManForUser,0xD6DA4BA1,sceKernelCreateSema
ThreadManForUser,0xD979E9BF,sceKernelAllocateFpl
ThreadManForUser,0xE81CAF8F,sceKernelCreateCallback
ThreadManForUser,0xEA748E31,sceKernelChangeCurrentThreadAttr
ThreadManForUser,0xEDBA5844,sceKernelDeleteCallback
ThreadManForUser,0xEF9E4C70,sceKernelDeleteEventFlag
ThreadManForUser,0xF475845D,sceKernelStartThread
ThreadManForUser,0xF8170FBE,
UtilsForUser,0x27CC57F0,sceKernelDcacheWritebackInvalidateRange
UtilsForUser,0x3EE30821,sceKernelDcacheWritebackRange
UtilsForUser,0x71EC4271,sceKernelDcacheReadTag
UtilsForUser,0x79D1C3FA,sceKernelDcacheWritebackAll
UtilsForUser,0x91E4F6A7,sceKernelDcacheInvalidateRange
sceAtrac3plus,0x5D268707,sceAtracGetStreamDataInfo
sceAtrac3plus,0x61EB33F5,sceAtracReleaseAtracID
sceAtrac3plus,0x6A8C3CD5,sceAtracDecodeData
sceAtrac3plus,0x7A20E7AF,sceAtracSetSecondBuffer
sceAtrac3plus,0x7DB31251,sceAtracSetDataAndGetID
sceAtrac3plus,0x868120B5,sceAtracGetAtracID
sceAtrac3plus,0x9AE849A7,sceAtracGetRemainFrame
sceAtrac3plus,0xE88F759B,sceAtracGetSoundSample
sceAudio,0x01562BA3,sceAudioChReserve
sceAudio,0x136CAF51,sceAudioOutput2GetRestSample
sceAudio,0x13F592BC,sceAudioOutput2ChangeLength
sceAudio,0x2D53F36E,sceAudioChRelease
sceAudio,0x43196845,sceAudioOutputBlocking
sceAudio,0x5EC81C55,sceAudioOutput2Release
sceAudio,0x647CEF33,sceAudioSetVolume
sceAudio,0x6FC46853,sceAudioOutput2SetVolume
sceAudio,0x95FD0C2D,sceAudioOutput2GetSample
sceAudio,0xB011922F,sceAudioSRCChReserve
sceAudio,0xB7E1D8E7,sceAudioSRCChRelease
sceAudio,0xCB2E439E,sceAudioSRCOutputBlocking
sceAudio,0xE2D56B2D,sceAudioSRCSetVolume
sceCtrl,0x1F4011E6,sceCtrlSetSamplingMode
sceCtrl,0x1F803938,sceCtrlReadBufferPositive
sceCtrl,0x3A622550,sceCtrlPeekBufferPositive
sceDisplay,0x0E20F177,sceDisplaySetMode
sceDisplay,0x289D82FE,sceDisplaySetFrameBuf
sceDisplay,0x46F186C3,sceDisplayGetFrameBuf
sceDisplay,0x984C27E7,sceDisplayWaitVblankStart
sceDisplay,0x9C6EAAD7,sceDisplaySetHoldMode
sceGe_user,0x03444EB4,sceGeListSync
sceGe_user,0x05DB22CE,sceGeUnsetCallback
sceGe_user,0x0BF608FB,sceGeRestoreContext
sceGe_user,0x1C0D95A6,sceGeListEnQueueHead
sceGe_user,0x1F6752AD,sceGeEdramGetSize
sceGe_user,0x438A385A,sceGeSaveContext
sceGe_user,0x4C06E472,sceGeContinue
sceGe_user,0xA4FC06A4,sceGeSetCallback
sceGe_user,0xAB49E76A,sceGeListEnQueue
sceGe_user,0xB287BD61,sceGeDrawSync
sceGe_user,0xB77905EA,sceGeEdramSetAddrTranslation
sceGe_user,0xDC93CFEF,sceGeGetCmd
sceGe_user,0xE0D68148,sceGeListUpdateStallAddr
sceGe_user,0xE47E40E4,sceGeEdramGetAddr
sceImpose,0x36AA6E91,
sceNet,0x0BF0A3AE,
sceNet,0x281928A9,
sceNet,0x39AF39A6,
sceNetAdhoc,0x6F92741B,
sceNetAdhoc,0x7F27BB5E,
sceNetAdhoc,0xA62C6F57,
sceNetAdhoc,0xABED3790,
sceNetAdhoc,0xDFE53E03,
sceNetAdhoc,0xE1D621D7,
sceNetAdhocctl,0x08FFF7A0,
sceNetAdhocctl,0x20B317A0,
sceNetAdhocctl,0x34401D65,
sceNetAdhocctl,0x5E7F79C9,
sceNetAdhocctl,0x6402490B,
sceNetAdhocctl,0x81AEE1BE,
sceNetAdhocctl,0x9D689E13,
sceNetAdhocctl,0xE162CB14,
sceNetAdhocctl,0xE26F226E,
sceNetAdhocctl,0xEC0635C1,
scePower,0x04B7766E,scePowerRegisterCallback
scePower,0xDFA8BAF8,scePowerSetCpuClockFrequency
sceSasCore,0x019B25EB,sceSasSetSimpleADSR
sceSasCore,0x07F58C24,sceSasGetOutputmode
sceSasCore,0x267A6DD2,sceSasGetPause
sceSasCore,0x2C8E6AB3,sceSasSetPause
sceSasCore,0x33D4AB37,sceSasGetEndFlag
sceSasCore,0x42778A9F,sceSasInit
sceSasCore,0x440CA7D8,sceSasSetADSR
sceSasCore,0x50A14DFC,sceSasSetOutputmode
sceSasCore,0x5F9529F6,sceSasSetSL
sceSasCore,0x68A46B95,sceSasSetADSRmode
sceSasCore,0x74AE582A,sceSasGetEnvelopeHeight
sceSasCore,0x76F01ACA,sceSasSetKeyOn
sceSasCore,0x787D04D5,sceSasSetAdsrMode
sceSasCore,0x99944089,sceSasSetVoice
sceSasCore,0x9EC3676A,sceSasSetNoise
sceSasCore,0xA0CF2FA4,sceSasSetKeyOff
sceSasCore,0xA3589D81,sceSasCore
sceSasCore,0xAD84D37F,sceSasSetVolume
sceSasCore,0xB7660A23,sceSasSetPitch
sceSasCore,0xBD11B7C2,sceSasRevType
sceSasCore,0xCBCD4F79,sceSasSetVoicePCM
sceSasCore,0xD1E0A01E,sceSasRevVON
sceSasCore,0xD5A229C9,sceSasRevParam
sceSasCore,0xE175EF66,sceSasRevEVOL
sceSasCore,0xE1CD9561,sceSasGetAllEnvelopeHeights
sceSasCore,0xE855BF76,sceSasSetGrain
sceSasCore,0xF983B186,sceSasSetLogCallback
sceSuspendForUser,0x090CCB3F,sceKernelPowerTick
sceUmdUser,0x46EBB729,sceUmdCheckMedium
sceUmdUser,0x6B4A146C,sceUmdGetDriveStat
sceUmdUser,0x8EF08FCE,sceUmdWaitDriveStat
sceUmdUser,0xAEE7404D,sceUmdRegisterUMDCallBack
sceUmdUser,0xBD2BDE07,sceUmdUnRegisterUMDCallBack
sceUmdUser,0xC6183D47,sceUmdActivate
sceUtility,0x2A2B3DE0,
sceUtility,0x2AD8E239,
sceUtility,0x34B78343,
sceUtility,0x50C4CD57,
sceUtility,0x67AF3428,
sceUtility,0x8874DBE0,
sceUtility,0x95FC253B,
sceUtility,0x9790B33C,
sceUtility,0x9A1C91D7,
sceUtility,0xA5DA2406,
sceUtility,0xD4B95FFB,
sceUtility,0xE49BFE92,
sceWlanDrv,0xD7763699,
